<?xml version="1.0" encoding="UTF-8"?>
<!DOCTYPE mapper 
	PUBLIC "-//mybatis.org//DTD Mapper 3.0//EN"
  "http://mybatis.org/dtd/mybatis-3-mapper.dtd">
<mapper namespace="com.codingclass.mapper.ClassMapper">

	<!-- 고은진 -->
	
	<sql id = "criteria">
		<trim prefix="(" suffix=") and">
			<if test="keyword != null and keyword != '' ">
				<if test="type == 'T'.toString()">
			   		classTitle like CONCAT('%' || #{keyword}, '%')
			   		classtitle like '%'||#{keyword}||'%'
				</if>
			</if>
		</trim>
	</sql>

	<!-- classList목록 -->
	<select id="getList" resultType="classvo">
		<!-- <![CDATA[
			select * from classes where classno > 0
		]]> -->
		<![CDATA[
		
		select a.classno, a.classTitle, a.classInfo, a.classlevel, a.classThumnail, count(c.studyvideono)as count
		from classes a, sessions b, studyvideo c
		where a.classno = b.classno and b.sessionno = c.sessionno
		group by a.classno, a.classTitle, a.classInfo, a.classlevel, a.classThumnail
		]]>
	</select>
	
	<!-- class qna 목록  -->
	<select id="getClassQnaList" resultType="com.codingclass.domain.ClassListDTO">
		<![CDATA[select qnatitle, qnadate, classtitle, classno
		from 
		(
		select rownum rn, a.qnatitle, a.qnadate, b.classtitle, b.classno 
		from classqna a, classes b
		where a.classno = b.classno and rownum <= 5
		)
		where rn > 0
		]]>
	</select>
	
	<!-- class 수강평 목록  -->
	<select id="getClassReviewList" resultType="com.codingclass.domain.ReviewListDTO">
		<![CDATA[
		select reviewcomment, reviewstar, classtitle, usernickname
		from 
		(
		select rownum rn, a.reviewcomment, a.reviewstar, b.classtitle, c.usernickname 
		from review a, classes b, users c
		where a.classno = b.classno and a.userno = c.userno and rownum <= 5
		)
		where rn > 0
		]]>
	</select>
	
	<!-- classList.jsp 전체개수 -->
	<select id="getTotalCount" resultType="int">
		select count(*) from classes where <include refid="criteria"></include> classno > 0
	</select>
	
	<!-- classList.jsp 페이징 -->
	<select id="getListWithPaging" resultType="classvo">
	
		<![CDATA[
		select classno, classTitle, classInfo, classlevel, classThumnail, studycount
		from 
		(
		    select ROWNUM rn, a.classno, a.classtitle, a.classInfo, a.classlevel, a.classThumnail, b.studycount
		    from classes a,
		    (
		        select a.classno, count(c.studyvideono)as studycount
		        from classes a, sessions b, studyvideo c
		        where a.classno = b.classno
		        and b.sessionno = c.sessionno   
		        group by a.classno
		    ) b 
		    where a.classno = b.classno and rownum <= #{pageNum} * #{amount}
		)
		where 
		]]>
		<include refid="criteria"></include>
		<![CDATA[
		rn > (#{pageNum} - 1) * #{amount}
		]]>
	</select>
	
	 
	<!-- 
		작성자 : 김성원
	 	메소드명 : getClassListWithPaging
	 	기능 : 강사관리 페이지 클래스 리스트 검색
	-->	 
	<select id="getClassListWithPaging" parameterType="map" resultType="com.codingclass.domain.StudyClassListDTO">
		<![CDATA[
		select a.userno, a.classno, a.classtitle, a.classinfo, a.classFlag, a.classDate, b.studyDate, a.studentcount
		from
		(
			select rownum rn, b.userno, b.classno, b.classtitle, b.classinfo, b.classFlag, b.classDate, a.studentcount
			from
			(
				select a.classno, count(b.userno) as studentcount
				from classes a, classenroll b
				where (a.classno = b.classno (+)) and a.userno = #{userNo}
				group by a.classno
				order by a.classno desc
			) a, classes b
			where (a.classno = b.classno(+)) 
			and rownum <= #{cri.pageNum} * #{cri.amount}			
		) a,
        ( 
            select a.classno, b.studyDate
            from sessions a, studyVideo b
            where a.sessionno = b.sessionno
            group by a.classno, b.studyDate
            order by a.classno desc
        )b
		where (a.classno = b.classno(+)) 
        and rn > (#{cri.pageNum} - 1) * #{cri.amount}
        order by rn
		]]>
	</select>
	
	<!-- 
		작성자 : 김성원
		메소드명 : classInsert
		기능 : 클래스 테이블에 정보입력
	 -->
	 <insert id="classInsert">	 	 	
	 	<selectKey keyProperty="classNo" order="BEFORE" resultType="long">
  		<![CDATA[
  			select seq_classNo.nextval from dual
  		]]>
  		</selectKey>
	  	insert into classes(classno,classtitle,userno,classinfo,classcurriculum,classlevel,classthumnail,classdetail)
  		values(#{classNo},#{classTitle},#{userNo},#{classInfo},#{classCurriculum},#{classLevel},#{classThumnail},#{classDetail})
	 </insert>
	 
	 <!-- 
		작성자 : 김성원
		메소드명 : classUpdate
		기능 : 클래스 테이블에 정보수정
	 -->
	 <update id="classUpdate">
	 	update classes
	 	set
	 	classthumnail = #{classThumnail},
	 	classtitle = #{classTitle},
	 	classinfo = #{classInfo},
	 	classcurriculum = #{classCurriculum},
	 	classlevel = #{classLevel},
	 	classdetail = #{classDetail}
	 	where classNo = #{classNo}  		
	 </update>	 
	 
	 <!-- 
	 	성자 : 김성원
	 	메소드명 : studyClassRead
	 	기능 : 클래스 리스트 한건 검색 
	 -->	 
	<select id="studyClassRead" resultType="com.codingclass.domain.ClassVO">
		select * from classes where classNo = #{classNo}
	</select>
	
	<!-- 
	 	성자 : 김성원
	 	메소드명 : getClassTotalCount
	 	기능 : 강사 관리 페이지 전체 글 수 검색 
	 -->	 
	<select id="getClassTotalCount" resultType="int">
   		select count(*) from classes
  		where 
  			<include refid="criteria"></include>
  		classNo > 0 and userNo = 1
  	</select>
  	
  	<!-- 
	 	성자 : 김성원
	 	메소드명 : deleteCall
	 	기능 : 어드민에게 삭제 요청 
	 -->	 
	<update id="deleteCall">
   		update classes set classflag = 't'
  		where classNo = #{classNo}
  	</update>
  	
  	<!-- 
	 	성자 : 김성원
	 	메소드명 : deleteCallCancel
	 	기능 : 삭제 요청 취소 
	 -->	 
	<update id="deleteCallCancel">
   		update classes set classflag = 'f'
  		where classNo = #{classNo}
  	</update>
</mapper>