<?xml version="1.0" encoding="UTF-8"?>
<!DOCTYPE mapper
  PUBLIC "-//mybatis.org//DTD Mapper 3.0//EN"
  "http://mybatis.org/dtd/mybatis-3-mapper.dtd">
<mapper namespace="com.codingclass.mapper.ClsuserListMapper">


	 <!-- 
		작성자 : 정찬화
	 	메소드명 : getListWithPaging 
	 	기능 : 전체 수강생 리스트 뽑아냄 
	 -->
	<select id="getListWithPaging" resultType="com.codingclass.domain.ClsuserListVO">
	<![CDATA[	
	select classno,userno,userid,usernickname  
	from 
	(
		select rownum rn, c.classno,cr.userno ,u.userid, u.usernickname 
		from classes c left outer join classenroll cr on cr.classno = c.classno
		left outer join users u on u.userno = cr.userno
		where c.userno = #{userNo} 
		and  u.userid like '%'||#{cri.keyword}||'%' 
		and rownum <= #{cri.pageNum} * #{cri.amount}
	) 
	where rn> (#{cri.pageNum} -1) * #{cri.amount}
	]]>		
	</select>
	
	<!-- 
		작성자 : 정찬화
	 	메소드명 : getListWithPaging 
	 	기능 : 클라스별  전체 수강생 리스트 뽑아냄 
	 -->
	<select id="getListWithPagingPerClass" resultType="com.codingclass.domain.ClsuserListVO">
	<!-- #{classno} 대신 classno = 1 줌 -->
	<![CDATA[	
	select classno,userno,userid,usernickname  
	from 
	(  
 		select rownum rn, c.classno,cr.userno ,u.userid, u.usernickname 
 		from classes c left outer join classenroll cr on cr.classno = c.classno
 		left outer join users u on u.userno = cr.userno  
 		where c.classno =#{classNo}  
 		and  u.userid like '%'||#{cri.keyword}||'%' 
 		and rownum <= #{cri.pageNum} * #{cri.amount}
 	) 
 	where rn> (#{cri.pageNum} -1) * #{cri.amount}
	]]>	
	</select>
	
	<!-- 
	 작성자 : 정찬화
	 메소드명 : searchCnt
	 기능 : 사용자 id 검색된 총갯수 이걸로 전체 총 갯수와 검색된 갯수 둘다 사용 가능
	  -->
	<select id="searchCnt" resultType="int">
	<![CDATA[
	select count(*) 
	from 
	(  
 		select rownum rn, c.classno,cr.userno ,u.userid, u.usernickname 
 		from classes c left outer join classenroll cr on cr.classno = c.classno
 		left outer join users u on u.userno = cr.userno
 		where c.userno = #{userNo} 
 		and  u.userid like '%'||#{cri.keyword}||'%' 
 		and rownum <= #{cri.pageNum} * #{cri.amount}
 	) 
 	where rn> (#{cri.pageNum} -1) * #{cri.amount}
	]]>
	</select>
	
	<select id="searchCntPerClass" resultType="int">
	<![CDATA[
	select count(*) 
	from 
	(  
 		select rownum rn, c.classno,cr.userno ,u.userid, u.usernickname 
 		from classes c left outer join classenroll cr on cr.classno = c.classno
 		left outer join users u on u.userno = cr.userno  
 		where c.classno =#{classNo} 
 		and  u.userid like '%'||#{cri.keyword}||'%' 
 		and rownum <= #{cri.pageNum} * #{cri.amount}
 	) 
 	where rn> (#{cri.pageNum} -1) * #{cri.amount}
 	]]>
	</select>
</mapper>