<?xml version="1.0" encoding="UTF-8"?>
<!DOCTYPE mapper
  PUBLIC "-//mybatis.org//DTD Mapper 3.0//EN"
  "http://mybatis.org/dtd/mybatis-3-mapper.dtd">
<mapper namespace="com.codingclass.mapper.SessionMapper">

	<!-- 
		작성자 : 김성원
		메소드명 : sessionInsert
		기능 : 세션 테이블에 정보입력
	 -->
	 <insert id="sessionInsert">	 	 	
	 	<selectKey keyProperty="sessionNo" order="BEFORE" resultType="long">
  		<![CDATA[
  			select seq_sessionNo.nextval from dual
  		]]>
  		</selectKey> 		
	  	insert into sessions(sessionno,sessiontitle,classno)
  		values (#{sessionNo},#{sessionTitle},#{classNo})	
	</insert>
	
	 <!-- 
		작성자 : 김성원
		메소드명 : sessionUpdate
		기능 : 세션 테이블에 정보수정
	 -->
	 <update id="sessionUpdate">
	 	update sessions
	 	set	 	
	 	sessiontitle = #{sessionTitle}	 	
	 	where sessionNo = #{sessionNo}  		
	 </update>	 	
	
	<!-- 
		작성자 : 김성원
		메소드명 : findByClassNo
		기능 : 클래스번호에 따른 세션리스트 검색
	 -->
	<select id="findByClassNo" resultType="com.codingclass.domain.SessionVO">
		select * from sessions where classno = #{classNo}
	</select>
</mapper>