<?xml version="1.0" encoding="UTF-8"?>
<!DOCTYPE mapper
  PUBLIC "-//mybatis.org//DTD Mapper 3.0//EN"
  "http://mybatis.org/dtd/mybatis-3-mapper.dtd">
<mapper namespace="com.codingclass.mapper.StudyVideoMapper">

	<!-- 
		작성자 : 김성원
		메소드명 : sessionInsert
		기능 : 세션 테이블에 정보입력
	 -->
	<insert id="studyVideoInsert">	 		
	  	insert into studyvideo(studyvideono,studyvideotitle,studyurl,sessionno)
  		values (seq_studyVideoNo.nextval,#{studyVideoTitle},#{studyUrl},#{sessionNo})	
	</insert>
	
	<!-- 
		작성자 : 김성원
		메소드명 : studyVideoUpdate
		기능 : 클래스 테이블에 정보수정
	 -->
	 <update id="studyVideoUpdate">
	 	update studyVideo
	 	set	 	
	 	studyvideotitle = #{studyVideoTitle},	 	
	 	studyurl = #{studyUrl},	 	
	 	studydate = sysdate	 	
	 	where studyvideono = #{studyVideoNo}  		
	 </update>	 	
	
	<!-- 
		작성자 : 김성원
		메소드명 : findBySessionNo
		기능 : 클래스번호에 따른 세션리스트 검색
	 -->
	<select id="findBySessionNo" resultType="com.codingclass.domain.StudyVideoVO">
		select * from studyvideo where sessionno = #{sessionNo}
	</select>
	
	<!-- 
		작성자 : 김성원
		메소드명 : delete
		기능 : 클래스번호에 따른 세션리스트 검색
	 -->
	<delete id="delete">
		delete from studyvideo where studyvideono = #{studyVideoNo}
	</delete>
</mapper>